Timestamp,dm_motor[0].measure.angle_delta,Timestamp,dm_motor[1].measure.angle_delta,Timestamp,dm_motor[2].measure.angle_delta,Timestamp,dm_motor[3].measure.angle_delta,
9331,0,9331,0,9331,0,9331,0,
68985,0,68985,0,68985,0,68985,0,
115108,0,115108,0,115108,0,115108,0,
164885,0,164885,0,164885,0,164885,0,
209315,0,209315,0,209315,0,209315,0,
261614,0,261614,0,261614,0,261614,0,
311653,0,311653,0,311653,0,311653,0,
366636,0,366636,0,366636,0,366636,0,
413141,0,413141,0,413141,0,413141,0,
465415,0,465415,0,465415,0,465415,0,
511472,0,511472,0,511472,0,511472,0,
564255,0,564255,0,564255,0,564255,0,
619559,0,619559,0,619559,0,619559,0,
680165,0,680165,0,680165,0,680165,0,
720034,0,720034,0,720034,0,720034,0,
770275,0,770275,0,770275,0,770275,0,
825173,0,825173,0,825173,0,825173,0,
885418,0,885418,0,885418,0,885418,0,
934358,0,934358,0,934358,0,934358,0,
982128,0,982128,0,982128,0,982128,0,
1039519,0,1039519,0,1039519,0,1039519,0,
1092279,0,1092279,0,1092279,0,1092279,0,
1152529,0,1152529,0,1152529,0,1152529,0,
1205441,0,1205441,0,1205441,0,1205441,0,
1253670,0,1253670,0,1253670,0,1253670,0,
1295639,0,1295639,0,1295639,0,1295639,0,
1346435,0,1346435,0,1346435,0,1346435,0,
1400682,0,1400682,0,1400682,0,1400682,0,
1441005,0,1441005,0,1441005,0,1441005,0,
1485778,0,1485778,0,1485778,0,1485778,0,
1533814,0,1533814,0,1533814,0,1533814,0,
1591410,0,1591410,0,1591410,0,1591410,0,
1645094,0,1645094,0,1645094,0,1645094,0,
1693334,0,1693334,0,1693334,0,1693334,0,
1739062,0,1739062,0,1739062,0,1739062,0,
1793725,0,1793725,0,1793725,0,1793725,0,
1837635,0,1837635,0,1837635,0,1837635,0,
1892271,0,1892271,0,1892271,0,1892271,0,
1950673,0,1950673,0,1950673,0,1950673,0,
1994328,0,1994328,0,1994328,0,1994328,0,
2043130,0,2043130,0,2043130,0,2043130,0,
2090646,0,2090646,0,2090646,0,2090646,0,
2147793,0,2147793,0,2147793,0,2147793,0,
2202692,0,2202692,0,2202692,0,2202692,0,
2246342,0,2246342,0,2246342,0,2246342,0,
2297890,0,2297890,0,2297890,0,2297890,0,
2341491,0,2341491,0,2341491,0,2341491,0,
2408260,0,2408260,0,2408260,0,2408260,0,
2461157,0,2461157,0,2461157,0,2461157,0,
2518094,0,2518094,0,2518094,0,2518094,0,
2608166,0,2608166,0,2608166,0,2608166,0,
2661506,0,2661506,0,2661506,0,2661506,0,
2708817,0,2708817,0,2708817,0,2708817,0,
2774362,0,2774362,0,2774362,0,2774362,0,
2815209,0,2815209,0,2815209,0,2815209,0,
2868641,0,2868641,0,2868641,0,2868641,0,
2918783,0,2918783,0,2918783,0,2918783,0,
2989534,0,2989534,0,2989534,0,2989534,0,
3044352,0,3044352,0,3044352,0,3044352,0,
3107807,0,3107807,0,3107807,0,3107807,0,
3167150,0,3167150,0,3167150,0,3167150,0,
3228181,0,3228181,0,3228181,0,3228181,0,
3287669,0,3287669,0,3287669,0,3287669,0,
3333563,0,3333563,0,3333563,0,3333563,0,
3427418,0,3427418,0,3427418,0,3427418,0,
3477640,0,3477640,0,3477640,0,3477640,0,
3533358,0,3533358,0,3533358,0,3533358,0,
3588239,0,3588239,0,3588239,0,3588239,0,
3647395,0,3647395,0,3647395,0,3647395,0,
3699369,0,3699369,0,3699369,0,3699369,0,
3758792,0,3758792,0,3758792,0,3758792,0,
3819088,0,3819088,0,3819088,0,3819088,0,
3872467,0,3872467,0.00268459,3872467,0,3872467,0,
4174950,0,4174950,0.000191689,4174950,-0.00479364,4174950,0,
4225952,0,4225952,0,4225952,-0.00095892,4225952,0,
4297408,0,4297408,0,4297408,0,4297408,0,
4351469,0,4351469,0,4351469,0.000191689,4351469,0,
4430051,0,4430051,0,4430051,0,4430051,0,
4480573,0,4480573,0,4480573,0.00517702,4480573,0,
4545728,0,4545728,0,4545728,0,4545728,0,
4612729,0,4612729,0,4612729,0,4612729,0,
4678736,0,4678736,0,4678736,0,4678736,0,
4737016,0,4737016,0,4737016,0,4737016,0,
4808485,0,4808485,0,4808485,0,4808485,0,
4873611,0,4873611,0,4873611,0,4873611,0,
4946591,0,4946591,0,4946591,0,4946591,0,
5011498,0,5011498,0,5011498,0,5011498,0,
5081555,0,5081555,0,5081555,0,5081555,0,
5133993,0,5133993,0,5133993,0,5133993,0,
5190098,0,5190098,0,5190098,0,5190098,0,
5264500,0,5264500,0,5264500,0,5264500,0,
5327247,0,5327247,0,5327247,0,5327247,0,
5402621,0,5402621,0,5402621,0,5402621,0,
5454670,0,5454670,0,5454670,0,5454670,0,
5523517,0,5523517,0,5523517,0,5523517,0,
5582513,0,5582513,0,5582513,0,5582513,0,
5652567,0,5652567,0,5652567,0,5652567,0,
5697954,0,5697954,0,5697954,0,5697954,0,
5743922,0,5743922,0,5743922,0,5743922,0,
5807398,0,5807398,0,5807398,0,5807398,0,
5874301,0,5874301,0,5874301,0,5874301,0,
5923663,0,5923663,0,5923663,0,5923663,0,
5977409,0,5977409,0,5977409,0,5977409,0,
6041183,0,6041183,0,6041183,0,6041183,0,
6110792,0,6110792,0,6110792,0,6110792,0,
6171510,0,6171510,0,6171510,0,6171510,0,
6229114,0,6229114,0,6229114,0,6229114,0,
6298400,0,6298400,0,6298400,0,6298400,0,
6342231,0,6342231,0,6342231,0,6342231,0,
6406307,0,6406307,0,6406307,0,6406307,0,
6475365,0,6475365,0,6475365,0,6475365,0,
6523909,0,6523909,0,6523909,0,6523909,0,
6590396,0,6590396,0,6590396,0,6590396,0,
6660309,0,6660309,0,6660309,0,6660309,0,
6722472,0,6722472,0,6722472,0,6722472,0,
6781836,0,6781836,0,6781836,0,6781836,0,
6842323,0,6842323,0,6842323,0,6842323,0,
6911868,0,6911868,0,6911868,0,6911868,0,
6978436,0,6978436,0,6978436,0,6978436,0,
7027981,0,7027981,0,7027981,0,7027981,0,
7076624,0,7076624,0,7076624,0,7076624,0,
7118845,0,7118845,0,7118845,0,7118845,0,
7167906,0,7167906,0,7167906,0,7167906,0,
7217779,0,7217779,0,7217779,0,7217779,0,
7262118,0,7262118,0,7262118,0,7262118,0,
7321467,0,7321467,0,7321467,0,7321467,0,
7372892,0,7372892,0,7372892,0,7372892,0,
7436451,0,7436451,0,7436451,0,7436451,0,
7492382,0,7492382,0,7492382,0,7492382,0,
7547347,0,7547347,0,7547347,0,7547347,0,
7602358,0,7602358,0,7602358,0,7602358,0,
7656045,0,7656045,0,7656045,0,7656045,0,
7720446,0,7720446,0,7720446,0,7720446,0,
7771587,0,7771587,0,7771587,0,7771587,0,
7815051,0,7815051,0,7815051,0,7815051,0,
7867839,0,7867839,0,7867839,0,7867839,0,
7912590,0,7912590,0,7912590,0,7912590,0,
7972070,0,7972070,0,7972070,0,7972070,0,
8028958,0,8028958,0,8028958,0,8028958,0,
8088162,0,8088162,0,8088162,0,8088162,0,
8140214,0,8140214,0,8140214,0,8140214,0,
8206719,0,8206719,0,8206719,0,8206719,0,
8261467,0,8261467,0,8261467,0,8261467,0,
8305927,0,8305927,0,8305927,0,8305927,0,
8361488,0,8361488,0,8361488,0,8361488,0,
8416611,0,8416611,0,8416611,0,8416611,0,
8466183,0,8466183,0,8466183,0,8466183,0,
8509897,0,8509897,0,8509897,0,8509897,0,
8558458,0,8558458,0,8558458,0,8558458,0,
8608501,0,8608501,0,8608501,0,8608501,0,
8664637,0,8664637,0,8664637,0,8664637,0,
8715461,0,8715461,0,8715461,0,8715461,0,
8768368,0,8768368,0,8768368,0,8768368,0,
8811671,0,8811671,0,8811671,0,8811671,0,
8870048,0,8870048,0,8870048,0,8870048,0,
8937751,0,8937751,0,8937751,0,8937751,0,
8997336,0,8997336,0,8997336,0,8997336,0,
9057284,0,9057284,0,9057284,0,9057284,0,
9111137,0,9111137,0,9111137,0,9111137,0,
9164007,0,9164007,-0.000383377,9164007,0,9164007,0,
9223705,0,9223705,0.000191689,9223705,0,9223705,0,
9273114,0,9273114,0,9273114,-0.0136142,9273114,0,
9320617,0,9320617,0,9320617,-0.0220513,9320617,0,
9365432,0,9365432,0.0262694,9365432,-0.0279956,9365432,0,
9419321,0,9419321,0.0356655,9419321,-0.032022,9419321,0,
9488078,0,9488078,0.0398841,9488078,-0.038734,9488078,0,
9542774,0,9542774,0.0444865,9542774,-0.0416093,9542774,0,
9586942,0,9586942,0.0107379,9586942,-0.0416098,9586942,0,
9639426,0,9639426,0.0335565,9639426,-0.0182161,9639426,0,
9707604,0,9707604,0.0427604,9707604,-0.0101628,9707604,0,
9768272,0,9768272,0.044486,9768272,-0.0147648,9768272,0,
9824360,0,9824360,0.0396919,9824360,-0.00690269,9824360,0,
9895091,0,9895091,0.0427608,9895091,-0.00153399,9895091,0,
9930562,0,9930562,0.0467868,9930562,0,9930562,0,
9989892,0,9989892,0.0529227,9989892,-0.000192165,9989892,0,
10035511,0,10035511,0.0513897,10035511,0,10035511,0,
10114255,0,10114255,0.0210929,10114255,0.0193672,10114255,0,
10154676,0,10154676,0.00651932,10154676,0.0362411,10154676,0,
10202192,0,10202192,0.0224347,10202192,0.0308719,10202192,0,
10259857,0,10259857,0.0170655,10259857,0.011313,10259857,0,
10328148,0,10328148,0.00479364,10328148,0,10328148,0,
10382226,0,10382226,0,10382226,0,10382226,0,
10445721,0,10445721,0,10445721,0,10445721,0,
10501761,0,10501761,0,10501761,0,10501761,0,
10567918,0,10567918,0,10567918,0,10567918,0,
10615306,0,10615306,0,10615306,-0.00210953,10615306,0,
10669228,0,10669228,-0.00977945,10669228,-0.00671101,10669228,0,
10737162,0,10737162,-0.00766993,10737162,-0.00766993,10737162,0,
10793569,0,10793569,-0.00690269,10793569,-0.00862885,10793569,0,
10854204,0,10854204,-0.00843668,10854204,-0.00786161,10854204,0,
10913679,0,10913679,-0.00862885,10913679,-0.00651979,10913679,0,
10960935,0,10960935,-0.00651932,10960935,-0.00613594,10960935,0,
11007557,0,11007557,-0.00824547,11007557,-0.00651932,11007557,0,
11055049,0,11055049,-0.00651932,11055049,-0.00766993,11055049,0,
11127781,0,11127781,-0.00421858,11127781,-0.00671148,11127781,0,
11185677,0,11185677,-0.00153399,11185677,-0.00517702,11185677,0,
11245352,0,11245352,0,11245352,0.000191689,11245352,0,
11302886,0,11302886,0,11302886,0,11302886,0,
11370774,0,11370774,0,11370774,0.000191689,11370774,0,
11424900,0,11424900,0,11424900,0,11424900,0,
11489435,0,11489435,0,11489435,0,11489435,0,
11570704,0,11570704,0,11570704,0,11570704,0,
11629989,0,11629989,0,11629989,0,11629989,0,
11687522,0,11687522,0,11687522,0,11687522,0,
11761603,0,11761603,0,11761603,0,11761603,0,
11819684,0,11819684,0,11819684,0,11819684,0,
11885726,0,11885726,0,11885726,0,11885726,0,
11955490,0,11955490,0,11955490,0,11955490,0,
12008100,0,12008100,0,12008100,0,12008100,0,
12073259,0,12073259,0,12073259,0,12073259,0,
12136670,0,12136670,0,12136670,0,12136670,0,
12197281,0,12197281,0,12197281,0,12197281,0,
12247335,0,12247335,0,12247335,0,12247335,0,
12302564,0,12302564,0,12302564,0,12302564,0,
12347446,0,12347446,0,12347446,0,12347446,0,
12397729,0,12397729,0,12397729,0,12397729,0,
12442311,0,12442311,0,12442311,0,12442311,0,
12491480,0,12491480,0,12491480,0,12491480,0,
12539975,0,12539975,0,12539975,0,12539975,0,
12591632,0,12591632,0,12591632,0,12591632,0,
12640042,0,12640042,0,12640042,0,12640042,0,
12693365,0,12693365,0,12693365,0,12693365,0,
12752658,0,12752658,0,12752658,0,12752658,0,
12811712,0,12811712,0,12811712,0,12811712,0,
12850225,0,12850225,0,12850225,0,12850225,0,
12912742,0,12912742,0,12912742,0,12912742,0,
12963559,0,12963559,0,12963559,0,12963559,0,
13017720,0,13017720,0,13017720,0,13017720,0,
13060056,0,13060056,0,13060056,0,13060056,0,
13100636,0,13100636,0,13100636,0,13100636,0,
13153045,0,13153045,0,13153045,0,13153045,0,
13195466,0,13195466,0,13195466,0,13195466,0,
13250028,0,13250028,0,13250028,0,13250028,0,
13293777,0,13293777,0,13293777,0,13293777,0,
13341948,0,13341948,0,13341948,0,13341948,0,
13388406,0,13388406,0,13388406,0,13388406,0,
13435801,0,13435801,0,13435801,0,13435801,0,
13488738,0,13488738,0,13488738,0,13488738,0,
13532598,0,13532598,0,13532598,0,13532598,0,
13579720,0,13579720,0,13579720,0,13579720,0,
13624144,0,13624144,0,13624144,0,13624144,0,
13665899,0,13665899,0,13665899,0,13665899,0,
13713474,0,13713474,0,13713474,0,13713474,0,
13768202,0,13768202,0,13768202,0,13768202,0,
13815866,0,13815866,0,13815866,0,13815866,0,
13864888,0,13864888,0,13864888,0,13864888,0,
13926817,0,13926817,0,13926817,0,13926817,0,
13974580,0,13974580,0.000191689,13974580,0,13974580,0,
14024035,0,14024035,0,14024035,0,14024035,0,
14069805,0,14069805,0,14069805,0,14069805,0,
14114136,0,14114136,0,14114136,0,14114136,0,
14161706,0,14161706,0,14161706,0,14161706,0,
14209809,0,14209809,0,14209809,0,14209809,0,
14275137,0,14275137,0,14275137,0,14275137,0,
14320500,0,14320500,0,14320500,0,14320500,0,
14371070,0,14371070,0,14371070,0,14371070,0,
14413007,0,14413007,0,14413007,0,14413007,0,
14462367,0,14462367,0,14462367,0,14462367,0,
14513818,0,14513818,0,14513818,0,14513818,0,
14554727,0,14554727,0,14554727,0,14554727,0,
14603323,0,14603323,0,14603323,0,14603323,0,
14652734,0,14652734,0,14652734,0.000191689,14652734,0,
14708478,0,14708478,0,14708478,0,14708478,0,
14764722,0,14764722,0,14764722,0,14764722,0,
14813605,0,14813605,0,14813605,0,14813605,0,
14854896,0,14854896,0,14854896,0,14854896,0,
14912988,0,14912988,0,14912988,0,14912988,0,
14969580,0,14969580,0,14969580,0,14969580,0,
15021140,0,15021140,0,15021140,0.00306797,15021140,0,
15064550,0,15064550,0,15064550,0.0122719,15064550,0,
15113674,0,15113674,0.0161071,15113674,0.0220513,15113674,0,
15191486,0,15191486,0.0297213,15191486,0.0255032,15191486,0,
15239826,0,15239826,0.039309,15239826,0.0279956,15239826,0,
15287369,0,15287369,0.0406508,15287369,0.0400758,15287369,0,
15335976,0,15335976,0.0523477,15335976,0.0479374,15335976,0,
15403449,0,15403449,0.0651946,15403449,0.0661535,15403449,0,
15465161,0,15465161,0.0755491,15465161,0.0767002,15465161,0,
15522516,0,15522516,0.0828362,15522516,0.0828362,15522516,0,
15595189,0,15595189,0.0816851,15595189,0.0828362,15595189,0,
15653002,0,15653002,0.0795774,15653002,0.0797682,15653002,0,
15699324,0,15699324,0.077467,15699324,0.077467,15699324,0,
15747050,0,15747050,0.071331,15747050,0.0730572,15747050,0,
15820204,0,15820204,0.0678797,15820204,0.0688381,15820204,0,
15872044,0,15872044,0.0653877,15872044,0.0674963,15872044,0,
15914017,0,15914017,0.060976,15914017,0.0627022,15914017,0,
15999313,0,15999313,0.0586758,15999313,0.0600176,15999313,0,
16040025,0,16040025,0.0556078,16040025,0.0575247,16040025,0,
16086825,0,16086825,0.0513887,16086825,0.05369,16086825,0,
16192973,0,16192973,0.0487032,16192973,0.0498552,16192973,0,
16270618,0,16270618,0.04813,16270618,0.0494709,16270618,0,
16319905,0,16319905,0.0452528,16319905,0.0458279,16319905,0,
16386699,0,16386699,0.0433359,16386699,0.043334,16386699,0,
16433158,0,16433158,0.0396929,16433158,0.0406513,16433158,0,
16490133,0,16490133,0.0379658,16490133,0.0379677,16490133,0,
16540541,0,16540541,0.0375834,16540541,0.0370073,16540541,0,
16613203,0,16613203,0.0381584,16613203,0.0381594,16613203,0,
16659054,0,16659054,0.0402679,16659054,0.0391169,16659054,0,
16707072,0,16707072,0.0423765,16707072,0.040843,16707072,0,
16758933,0,16758933,0.0477457,16758933,0.0462122,16758933,0,
16839467,0,16839467,0.0508146,16839467,0.0506229,16839467,0,
16876743,0,16876743,0.0561829,16876743,0.0538826,16876743,0,
16933009,0,16933009,0.060976,16933009,0.0613604,16933009,0,
16980361,0,16980361,-12.4958,16980361,0.0680704,16980361,0,
17051596,0,17051596,0.0736322,17051596,0.0740147,17051596,0,
17097071,0,17097071,0.0803432,17097071,0.078618,17097071,0,
17145162,0,17145162,0.0880132,17145162,0.0841789,17145162,0,
17219313,0,17219313,0.0924239,17219313,0.0976019,17219313,0,
17282092,0,17282092,0.094533,17282092,0.103546,17282092,0,
17335383,0,17335383,0.0991354,17335383,0.111982,17335383,0,
17403867,0,17403867,0.103161,17403867,0.114283,17403867,0,
17449868,0,17449868,0.10412,17449868,0.111982,17449868,0,
17497589,0,17497589,0.102586,17497589,0.104695,17497589,0,
17542948,0,17542948,0.100286,17542948,0.0897393,17542948,0,
17618455,0,17618455,0.104121,17618455,0.0807266,17618455,0,
17650746,0,17650746,0.107955,17650746,0.0644283,17650746,0,
17702819,0,17702819,0.0684547,17702819,0.0740156,17702819,0,
17753847,0,17753847,0.0567579,17753847,0.0742073,17753847,0,
17839436,0,17839436,0.0598259,17839436,0.0625107,17839436,0,
17892948,0,17892948,0.0582922,17892948,0.0615518,17892948,0,
17949403,0,17949403,0.057333,17949403,0.0575252,17949403,0,
18034154,0,18034154,0.0584836,18034154,0.0584838,18034154,0,
18095940,0,18095940,0.0581002,18095940,0.0584838,18095940,0,
18146653,0,18146653,0.0571418,18146653,0.0575249,18146653,0,
18194620,0,18194620,0.0584841,18194620,0.0579085,18194620,0,
18277133,0,18277133,0.061552,18277133,0.0617435,18277133,0,
18326115,0,18326115,0.0665374,18326115,0.0674963,18326115,0,
18382868,0,18382868,0.0659623,18382868,0.0722904,18382868,0,
18455346,0,18455346,0.063086,18455346,0.0793848,18455346,0,
18508721,0,18508721,0.0627027,18508721,0.0814939,18508721,0,
18558277,0,18558277,0.0720978,18558277,0.0901227,18558277,0,
18630034,0,18630034,0.0795765,18630034,0.096642,18630034,0,
18681218,0,18681218,0.092999,18681218,0.100478,18681218,0,
18726360,0,18726360,0.10412,18726360,0.106038,18726360,0,
18783568,0,18783568,0.121378,18783568,0.113899,18783568,0,
18851542,0,18851542,0.126172,18851542,0.119653,18851542,0,
18900213,0,18900213,0.131732,18900213,0.120036,18900213,0,
18952812,0,18952812,0.134225,18952812,0.11831,18952812,0,
19001561,0,19001561,0.131349,19001561,0.115434,19001561,0,
19076012,0,19076012,0.128282,19076012,0.110065,19076012,0,
19131905,0,19131905,0.12598,19131905,0.10182,19131905,0,
19190556,0,19190556,0.103162,19190556,0.104695,19190556,0,
19261230,0,19261230,0.0836029,19261230,0.10393,19261230,0,
19320124,0,19320124,0.0954914,19320124,0.098176,19320124,0,
19363489,0,19363489,0.0933828,19363489,0.0956841,19363489,0,
19440625,0,19440625,0.0966415,19440625,0.0964499,19440625,0,
19496280,0,19496280,0.0968342,19496280,0.0974092,19496280,0,
19555803,0,19555803,0.0993271,19555803,0.0999022,19555803,0,
19608137,0,19608137,0.0995178,19608137,0.101244,19608137,0,
19677377,0,19677377,0.0985594,19677377,0.102586,19677377,0,
19728000,0,19728000,0.0976,19728000,0.102395,19728000,0,
19783104,0,19783104,0.0995188,19783104,0.110065,19783104,0,
19861495,0,19861495,0.10182,19861495,0.121378,19861495,0,
19915324,0,19915324,0.103929,19915324,0.126364,19915324,0,
19962833,0,19962833,0.110257,19962833,0.128664,19962833,0,
20018959,0,20018959,0.120802,20018959,0.130007,20018959,0,
20093309,0,20093309,0.125597,20093309,0.127898,20093309,0,
20135173,0,20135173,0.123871,20135173,0.123871,20135173,0,
20188705,0,20188705,0.117159,20188705,0.119269,20188705,0,
20258616,0,20258616,0.112749,20258616,0.107572,20258616,0,
20311541,0,20311541,0.117926,20311541,0.0989432,20311541,0,
20353572,0,20353572,0.122528,20353572,0.0893555,20353572,0,
20407404,0,20407404,0.126555,20407404,0.0837951,20407404,0,
20482462,0,20482462,0.106805,20482462,0.0918484,20482462,0,
20537591,0,20537591,0.0822611,20537591,0.0954916,20537591,0,
20605047,0,20605047,0.0866714,20605047,0.0951083,20605047,0,
20685874,0,20685874,0.089931,20685874,0.0790012,20685874,0,
20719170,0,20719170,0.080152,20719170,0.0841784,20719170,0,
20767959,0,20767959,0.080152,20767959,0.0805349,20767959,0,
20813827,0,20813827,0.0797682,20813827,0.0805352,20813827,0,
20877031,0,20877031,0.0793843,20877031,0.0824528,20877031,0,
20925170,0,20925170,0.0755496,20925170,0.0866714,20925170,0,
20971743,0,20971743,0.076508,20971743,0.092999,20971743,0,
21027187,0,21027187,0.0761247,21027187,0.0989432,21027187,0,
21100622,0,21100622,0.0788097,21100622,0.103737,21100622,0,
21155002,0,21155002,0.086288,21155002,0.107955,21155002,0,
21208667,0,21208667,0.0906982,21208667,0.112174,21208667,0,
21257139,0,21257139,0.0987515,21257139,0.110448,21257139,0,
21318710,0,21318710,0.104312,21318710,0.104695,21318710,0,
21370445,0,21370445,0.106613,21370445,0.098176,21370445,0,
21410853,0,21410853,0.109298,21410853,0.0880136,21410853,0,
21485620,0,21485620,0.1162,21485620,0.0786176,21485620,0,
21534894,0,21534894,0.12483,21534894,0.0711398,21534894,0,
21580412,0,21580412,0.130965,21580412,0.0638528,21580412,0,
21631489,0,21631489,0.0697966,21631489,0.087822,21631489,0,
21704323,0,21704323,0.0661535,21704323,0.0820694,21704323,0,
21756714,0,21756714,0.0711384,21756714,0.0719061,21756714,0,
21807669,0,21807669,0.071907,21807669,0.071331,21807669,0,
21854342,0,21854342,0.0682631,21854342,0.0682631,21854342,0,
21910256,0,21910256,0.0634699,21910256,0.0659618,21910256,0,
21958622,0,21958622,0.0573339,21958622,0.0600176,21958622,0,
22009198,0,22009198,0.0515814,22009198,0.0546484,22009198,0,
22053493,0,22053493,0.0289555,22053493,0.033556,22053493,0,
22139957,0,22139957,0.0161066,22139957,0.00728607,22139957,0,
22187103,0,22187103,-0.000383377,22187103,-0.00153446,22187103,0,
22229836,0,22229836,-0.0136147,22229836,-0.0113144,22229836,0,
22304366,0,22304366,-0.0180254,22304366,-0.0162983,22304366,0,
22354293,0,22354293,-0.0233927,22354293,-0.023777,22354293,0,
22409220,0,22409220,-0.0352821,22409220,-0.0316381,22409220,0,
22455662,0,22455662,-0.0527315,22455662,-0.0496635,22455662,0,
22529104,0,22529104,-0.0619354,22529104,-0.0586758,22529104,0,
22580562,0,22580562,-0.0765085,22580562,-0.0720978,22580562,0,
22631473,0,22631473,-0.0910807,22631473,-0.087822,22631473,0,
22691283,0,22691283,-0.100286,22691283,-0.0977926,22691283,0,
22733873,0,22733873,-0.111024,22733873,-0.109489,22733873,0,
22788464,0,22788464,-0.115816,22788464,-0.115242,22788464,0,
22838579,0,22838579,-0.119843,22838579,-0.120611,22838579,0,
22918926,0,22918926,-0.116392,22918926,-0.118885,22918926,0,
22948263,0,22948263,-0.111407,22948263,-0.116393,22948263,0,
22992039,0,22992039,-0.106997,22992039,-0.10527,22992039,0,
23044665,0,23044665,-0.0933824,23044665,-0.0952997,23044665,0,
23122800,0,23122800,-0.0853291,23122800,-0.0836029,23122800,0,
23164371,0,23164371,-0.0776587,23164371,-0.0805354,23164371,0,
23195639,0,23195639,-0.0696058,23195639,-0.0688386,23195639,0,
23243028,0,23243028,-0.0609765,23243028,-0.060401,23243028,0,
23333719,0,23333719,-0.0650034,23333719,-0.0621271,23333719,0,
23387180,0,23387180,-0.0661535,23387180,-0.0657701,23387180,0,
23430186,0,23430186,-0.072865,23430186,-0.0705643,23430186,0,
23488566,0,23488566,-0.0882053,23488566,-0.0774674,23488566,0,
23571341,0,23571341,-0.0956836,23571341,-0.078618,23571341,0,
23618883,0,23618883,-0.0958753,23618883,-0.0730567,23618883,0,
23666578,0,23666578,-0.0859041,23666578,-0.0720983,23666578,0,
23754098,0,23754098,-0.0801516,23754098,-0.0784259,23754098,0,
23800969,0,23800969,-0.0759335,23800969,-0.0799599,23800969,0,
23861684,0,23861684,-0.0552244,23861684,-0.0956838,23861684,0,
23943791,0,23943791,-0.0853288,23943791,-0.104887,23943791,0,
23993583,0,23993583,-0.0893557,23993583,-0.0814939,23993583,0,
24044087,0,24044087,-0.0933826,24044087,-0.0767,24044087,0,
24086526,0,24086526,-0.0947247,24086526,-0.0960665,24086526,0,
24162566,0,24162566,-0.100477,24162566,-0.100477,24162566,0,
24211321,0,24211321,-0.104888,24211321,-0.105846,24211321,0,
24263050,0,24263050,-0.108147,24263050,-0.109298,24263050,0,
24323274,0,24323274,-0.108722,24323274,-0.108914,24323274,0,
24374089,0,24374089,-0.105654,24374089,-0.107188,24374089,0,
24417358,0,24417358,-0.10412,24417358,-0.102011,24417358,0,
24462486,0,24462486,-0.094533,24462486,12.4724,24462486,0,
24546927,0,24546927,-0.087822,24546927,-0.0901222,24546927,0,
24597150,0,24597150,-0.0834112,24597150,-0.0801516,24597150,0,
24644644,0,24644644,-0.0791931,24644644,-0.0757408,24644644,0,
24692653,0,24692653,-0.0705643,24692653,-0.0692215,24692653,0,
24763719,0,24763719,-0.069797,24763719,-0.0678787,24763719,0,
24808033,0,24808033,-0.0717144,24808033,-0.0709476,24808033,0,
24861172,0,24861172,-0.0751657,24861172,-0.0730562,24861172,0,
24906401,0,24906401,-0.0790005,24906401,-0.0755501,24906401,0,
24987886,0,24987886,-0.0816851,24987886,-0.0786171,24987886,0,
25037432,0,25037432,-0.0839863,25037432,-0.0801516,25037432,0,
25081110,0,25081110,-0.0882053,25081110,-0.0776587,25081110,0,
25158542,0,25158542,-0.088397,25158542,-0.0763159,25158542,0,
25201353,0,25201353,-0.0820694,25201353,-0.0766993,25201353,0,
25257821,0,25257821,-0.0730572,25257821,-0.0797682,25257821,0,
25304951,0,25304951,-0.0517731,25304951,-0.0895472,25304951,0,
25374386,0,25374386,-0.0839863,25374386,-0.0866718,25374386,0,
25429171,0,25429171,-0.0859041,25429171,-0.074399,25429171,0,
25486890,0,25486890,-0.0891647,25486890,-0.0862875,25486890,0,
25557961,0,25557961,-0.0931911,25557961,-0.0935745,25557961,0,
25604886,0,25604886,-0.102202,25604886,-0.100669,25604886,0,
25671900,0,25671900,-0.111024,25671900,-0.110448,25671900,0,
25713947,0,25713947,-0.118502,25713947,-0.116968,25713947,0,
25788459,0,25788459,-0.119269,25788459,-0.120228,25788459,0,
25852962,0,25852962,-0.117352,25852962,-0.121953,25852962,0,
25884944,0,25884944,-0.114092,25884944,-0.112941,25884944,0,
25963475,0,25963475,-0.106038,25963475,-0.100861,25963475,0,
26023340,0,26023340,-0.102395,26023340,-0.0922318,26023340,0,
26065313,0,26065313,-0.0926151,26065313,-0.086288,26065313,0,
26115217,0,26115217,-0.08111,26115217,-0.075933,26115217,0,
26186340,0,26186340,-0.0724816,26186340,-0.0711398,26186340,0,
26236627,0,26236627,-0.069222,26236627,-0.0703726,26236627,0,
26279076,0,26279076,-0.0653877,26279076,-0.0657701,26279076,0,
26349890,0,26349890,-0.0617433,26349890,-0.0627022,26349890,0,
26402233,0,26402233,-0.0561829,26402233,-0.0619354,26402233,0,
26451259,0,26451259,-0.0533061,26451259,-0.0636611,26451259,0,
26513925,0,26513925,-0.0588675,26513925,-0.0632777,26513925,0,
26594393,0,26594393,-0.0627027,26594393,-0.0623188,26594393,0,
26651348,0,26651348,-0.0625105,26651348,-0.0634694,26651348,0,
26698516,0,26698516,-0.0657701,26698516,-0.0657704,26698516,0,
26763641,0,26763641,-0.0696054,26763641,-0.0673046,26763641,0,
26808032,0,26808032,-0.0713315,26808032,-0.072098,26808032,0,
26866903,0,26866903,-0.0761251,26866903,-0.0770836,26866903,0,
26925695,0,26925695,-0.0813022,26925695,-0.0809188,26925695,0,
26998350,0,26998350,-0.0855205,26998350,-0.0836031,26998350,0,
27056721,0,27056721,-0.08763,27056721,-0.0864792,27056721,0,
27115836,0,27115836,-0.0910814,27115836,-0.0910816,27115836,0,
27179082,0,27179082,-0.0943413,27179082,-0.0941496,27179082,0,
27231982,0,27231982,-0.0949163,27231982,-0.0954914,27231982,0,
27278035,0,27278035,-0.0953,27278035,-0.0962591,27278035,0,
27326419,0,27326419,-0.0926156,27326419,-0.094533,27326419,0,
27397376,0,27397376,-0.0906982,27397376,-0.091465,27397376,0,
27450425,0,27450425,-0.0872464,27450425,-0.0885882,27450425,0,
27495050,0,27495050,-0.0843701,27495050,-0.0826445,27495050,0,
27542001,0,27542001,-0.0738239,27542001,-0.0757408,27542001,0,
27615833,0,27615833,-0.0696054,27615833,-0.071332,27615833,0,
27658650,0,27658650,-0.0644283,27658650,-0.0657701,27658650,0,
27697380,0,27697380,-0.0544572,27697380,-0.0554161,27697380,0,
27778008,0,27778008,-0.0481296,27778008,-0.0488958,27778008,0,
27826684,0,27826684,-0.0448694,27826684,-0.0450611,27826684,0,
27884117,0,27884117,-0.0433354,27884117,-0.0425692,27884117,0,
27927956,0,27927956,-0.0398841,27927956,-0.0400763,27927956,0,
27992359,0,27992359,12.5284,27992359,-0.0381575,27992359,0,
28061610,0,28061610,-0.0373917,28061610,-0.0373907,28061610,0,
28115529,0,28115529,-0.040843,28115529,-0.0391178,28115529,0,
28170983,0,28170983,-0.0454454,28170983,-0.0454445,28170983,0,
28242279,0,28242279,-0.0460186,28242279,-0.0458279,28242279,0,
28282422,0,28282422,-0.0479374,28282422,-0.04813,28282422,0,
28339396,0,28339396,-0.0494719,28339396,-0.0492802,28339396,0,
28416022,0,28416022,-0.0510054,28416022,-0.0504303,28416022,0,
28471269,0,28471269,-0.0527315,28471269,-0.0527315,28471269,0,
28520552,0,28520552,-0.0552244,28520552,-0.054266,28520552,0,
28569600,0,28569600,-0.0590591,28569600,-0.0582924,28569600,0,
28632339,0,28632339,-0.0611687,28632339,-0.0611677,28632339,0,
28676531,0,28676531,-0.06462,28676531,-0.0632782,28676531,0,
28725935,0,28725935,-0.0665379,28725935,-0.0661535,28725935,0,
28773335,0,28773335,-0.0699883,28773335,-0.0699902,28773335,0,
28852412,0,28852412,-0.0734406,28852412,-0.071331,28852412,0,
28905705,0,28905705,-0.0747824,28905705,-0.0738239,28905705,0,
28944552,0,28944552,-0.077467,28944552,-0.0763168,28944552,0,
29019321,0,29019321,-0.0791931,29019321,-0.0791931,29019321,0,
29069495,0,29069495,-0.0803432,29069495,-0.0814953,29069495,0,
29131124,0,29131124,-0.0805359,29131124,-0.0818768,29131124,0,
29181874,0,29181874,-0.078042,29181874,-0.0791926,29181874,0,
29274025,0,29274025,-0.0738249,29274025,-0.0772758,29274025,0,
29331072,0,29331072,-0.0711393,29331072,-0.0726733,29331072,0,
29387605,0,29387605,-0.0690308,29387605,-0.06462,29387605,0,
29471299,0,29471299,-0.0724816,29471299,-0.0577168,29471299,0,
29506446,0,29506446,-0.0768914,29506446,-0.0427604,29506446,0,
29564006,0,29564006,-0.0830283,29564006,-0.0312552,29564006,0,
29608069,0,29608069,-0.096067,29608069,-0.00671148,29608069,0,
29680298,0,29680298,-0.0974092,29680298,0.00632811,29680298,0,
29733870,0,29733870,-0.0922318,29733870,0.0118885,29733870,0,
29777343,0,29777343,-0.0720983,29777343,0.0128474,29777343,0,
29852483,0,29852483,-0.0611682,29852483,0.0109301,29852483,0,
29890102,0,29890102,-0.0513887,29890102,0.00690269,29890102,0,
29936946,0,29936946,-0.0454445,29936946,-0.000575066,29936946,0,
29988390,0,29988390,-0.0418019,29988390,0.000191689,29988390,0,
30072014,0,30072014,-0.0368161,30072014,0.000191689,30072014,0,
30117314,0,30117314,-0.0327892,30117314,0.00824547,30117314,0,
30157088,0,30157088,-0.0153394,30157088,0.00613642,30157088,0,
30235855,0,30235855,-0.00210905,30235855,0,30235855,0,
30284676,0,30284676,0.000383854,30284676,0.000191689,30284676,0,
30330031,0,30330031,0.00306845,30330031,0.00191736,30330031,0,
30382936,0,30382936,0,30382936,0,30382936,0,
30457976,0,30457976,0,30457976,0,30457976,0,
30513161,0,30513161,0,30513161,0,30513161,0,
30559836,0,30559836,0,30559836,0,30559836,0,
30616702,0,30616702,0,30616702,0,30616702,0,
30723956,0,30723956,0,30723956,0,30723956,0,
30755622,0,30755622,0,30755622,0,30755622,0,
30818925,0,30818925,0,30818925,0,30818925,0,
30897359,0,30897359,0,30897359,0,30897359,0,
30951855,0,30951855,0,30951855,0,30951855,0,
31011562,0,31011562,0,31011562,0,31011562,0,
31068685,0,31068685,0,31068685,0,31068685,0,
31137575,0,31137575,0,31137575,0,31137575,0,
31190627,0,31190627,0,31190627,0,31190627,0,
31241528,0,31241528,0,31241528,0,31241528,0,
31286654,0,31286654,0,31286654,0,31286654,0,
31343621,0,31343621,0,31343621,0,31343621,0,
31393880,0,31393880,0,31393880,0,31393880,0,
31440143,0,31440143,0,31440143,0,31440143,0,
31495038,0,31495038,0,31495038,0,31495038,0,
31562284,0,31562284,0,31562284,0,31562284,0,
31610820,0,31610820,0,31610820,0,31610820,0,
31675406,0,31675406,0,31675406,0,31675406,0,
31738563,0,31738563,0,31738563,0,31738563,0,
31789244,0,31789244,0,31789244,0,31789244,0,
31860092,0,31860092,0,31860092,0,31860092,0,
31903887,0,31903887,0,31903887,0,31903887,0,
31947130,0,31947130,0,31947130,0,31947130,0,
31992000,0,31992000,0,31992000,0,31992000,0,
32049304,0,32049304,0,32049304,0,32049304,0,
32081887,0,32081887,0,32081887,0,32081887,0,
32132396,0,32132396,0,32132396,0,32132396,0,
32191994,0,32191994,0,32191994,0,32191994,0,
32240801,0,32240801,0,32240801,0,32240801,0,
32288757,0,32288757,0,32288757,0,32288757,0,
32340897,0,32340897,0,32340897,0,32340897,0,
32386937,0,32386937,0,32386937,0,32386937,0,
32449516,0,32449516,0,32449516,0,32449516,0,
32495367,0,32495367,0,32495367,0,32495367,0,
32539585,0,32539585,0,32539585,0,32539585,0,
32587548,0,32587548,0,32587548,0,32587548,0,
32633552,0,32633552,0,32633552,0,32633552,0,
32685533,0,32685533,0,32685533,0,32685533,0,
32729199,0,32729199,0,32729199,0,32729199,0,
32775552,0,32775552,0,32775552,0,32775552,0,
32827197,0,32827197,0,32827197,0,32827197,0,
32877743,0,32877743,0,32877743,0,32877743,0,
32929109,0,32929109,0,32929109,0,32929109,0,
32977741,0,32977741,0,32977741,0,32977741,0,
33020711,0,33020711,0,33020711,0,33020711,0,
33067270,0,33067270,0,33067270,0,33067270,0,
33117874,0,33117874,0,33117874,0,33117874,0,
33162651,0,33162651,0,33162651,0,33162651,0,
33217190,0,33217190,0,33217190,0,33217190,0,
33256517,0,33256517,0,33256517,0,33256517,0,
33306184,0,33306184,0,33306184,0,33306184,0,
33382679,0,33382679,0,33382679,0,33382679,0,
33452940,0,33452940,0,33452940,0,33452940,0,
33502891,0,33502891,0,33502891,0,33502891,0,
33556948,0,33556948,0,33556948,0,33556948,0,
33607616,0,33607616,0,33607616,0,33607616,0,
33651307,0,33651307,0,33651307,0,33651307,0,
33688503,0,33688503,0,33688503,0,33688503,0,
33742729,0,33742729,0,33742729,0,33742729,0,
33788796,0,33788796,0,33788796,0,33788796,0,
33836500,0,33836500,0,33836500,0,33836500,0,
33876288,0,33876288,0,33876288,0,33876288,0,
33937297,0,33937297,0,33937297,0,33937297,0,
33996917,0,33996917,0,33996917,0,33996917,0,
34056219,0,34056219,0,34056219,0,34056219,0,
34130822,0,34130822,0,34130822,0,34130822,0,
34222408,0,34222408,0,34222408,0,34222408,0,
34286201,0,34286201,0,34286201,0,34286201,0,
34337301,0,34337301,0,34337301,0,34337301,0,
34405588,0,34405588,0,34405588,0,34405588,0,
34476538,0,34476538,0,34476538,0,34476538,0,
34538388,0,34538388,0,34538388,0,34538388,0,
34593109,0,34593109,0,34593109,0,34593109,0,
34635337,0,34635337,0,34635337,0,34635337,0,
34701718,0,34701718,0,34701718,0,34701718,0,
34747402,0,34747402,0,34747402,0,34747402,0,
34793780,0,34793780,0,34793780,0,34793780,0,
34845846,0,34845846,0,34845846,0,34845846,0,
34884763,0,34884763,0,34884763,0,34884763,0,
34937226,0,34937226,0,34937226,0,34937226,0,
34979515,0,34979515,0,34979515,0,34979515,0,
35034141,0,35034141,0,35034141,0,35034141,0,
35074601,0,35074601,0,35074601,0,35074601,0,
35163871,0,35163871,0,35163871,0,35163871,0,
35206324,0,35206324,0,35206324,0,35206324,0,
35252705,0,35252705,0,35252705,0,35252705,0,
35305647,0,35305647,0,35305647,0,35305647,0,
